{"cameraMode":{"drawMode":0,"name":"Shaded","section":"Shading Mode"},"sceneLighting":false,"audioPlay":false,"sceneViewState":{"m_AlwaysRefresh":false,"showFog":true,"showSkybox":false,"showFlares":true,"showImageEffects":true,"showParticleSystems":true,"showVisualEffectGraphs":true,"m_FxEnabled":true},"in2DMode":false,"pivot":{"x":-28.817916870117189,"y":25.345321655273439,"z":-2.321866989135742},"rotation":{"x":-0.001902264659292996,"y":0.9935197830200195,"z":-0.11318669468164444,"w":-0.025626324117183687},"size":17.382896423339845,"orthographic":false}