{"cameraMode":{"drawMode":0,"name":"Shaded","section":"Shading Mode"},"sceneLighting":false,"audioPlay":false,"sceneViewState":{"m_AlwaysRefresh":false,"showFog":true,"showSkybox":false,"showFlares":true,"showImageEffects":true,"showParticleSystems":true,"showVisualEffectGraphs":true,"m_FxEnabled":true},"in2DMode":false,"pivot":{"x":-18.884323120117189,"y":-2.999664306640625,"z":-102.58999633789063},"rotation":{"x":-0.25751248002052309,"y":-0.08026007562875748,"z":0.021103933453559877,"w":-0.9628203511238098},"size":0.8660253882408142,"orthographic":false}